{
  "Workflows": [
    {
      "Path": null,
      "SortBy": 0,
      "VariablesSectionElementsOrder": [],
      "ArgumentsSectionElementsOrder": null,
      "ConstantsSectionElementsOrder": [],
      "AddedNamespaces": null
    },
    {
      "Path": "Scrap_Invoice_Data.xaml",
      "SortBy": 0,
      "VariablesSectionElementsOrder": [
        "invoiceContent&Sequence_1",
        "invoiceContentArray&Sequence_1",
        "invoiceNumber&Sequence_1",
        "invoiceDate&Sequence_1",
        "subTotal&Sequence_1",
        "gst&Sequence_1",
        "orderInformation&Sequence_1",
        "temporaryTable&Sequence_1",
        "total&Sequence_1",
        "lengthArr&Sequence_1",
        "description&Sequence_1",
        "itemNo&Sequence_1",
        "qty&Sequence_1",
        "price&Sequence_1",
        "sTotal&Sequence_1"
      ],
      "ArgumentsSectionElementsOrder": [
        "in_invoicePath",
        "out_invoiceInfoTable"
      ],
      "ConstantsSectionElementsOrder": [],
      "AddedNamespaces": null
    },
    {
      "Path": "Scraping_Invoice.xaml",
      "SortBy": 0,
      "VariablesSectionElementsOrder": [
        "invoicePath&Sequence_1",
        "pdfFiles&Sequence_1",
        "fileName&Sequence_1",
        "customerName&Sequence_1",
        "invoiceNumber&Sequence_1",
        "excelData&Sequence_1",
        "excelFileName&Sequence_1"
      ],
      "ArgumentsSectionElementsOrder": [],
      "ConstantsSectionElementsOrder": [],
      "AddedNamespaces": null
    },
    {
      "Path": "Mail_Excel_Attackment.xaml",
      "SortBy": 0,
      "VariablesSectionElementsOrder": [
        "password&Sequence_1",
        "bodyMail&Sequence_1"
      ],
      "ArgumentsSectionElementsOrder": [
        "in_excelFilePath",
        "in_subjectLine"
      ],
      "ConstantsSectionElementsOrder": [],
      "AddedNamespaces": null
    },
    {
      "Path": "Fetch_Download_Attackment.xaml",
      "SortBy": 0,
      "VariablesSectionElementsOrder": [
        "password&Sequence_1",
        "mails&Sequence_1",
        "extension&Sequence_3"
      ],
      "ArgumentsSectionElementsOrder": [],
      "ConstantsSectionElementsOrder": [],
      "AddedNamespaces": null
    },
    {
      "Path": "Main.xaml",
      "SortBy": 0,
      "VariablesSectionElementsOrder": [],
      "ArgumentsSectionElementsOrder": [],
      "ConstantsSectionElementsOrder": [],
      "AddedNamespaces": null
    },
    {
      "Path": "Orchestrator_Queue.xaml",
      "SortBy": 0,
      "VariablesSectionElementsOrder": [],
      "ArgumentsSectionElementsOrder": [
        "in_total",
        "in_subTotal",
        "in_gst"
      ],
      "ConstantsSectionElementsOrder": [],
      "AddedNamespaces": null
    }
  ]
}